index,name,chain,residue,x_nm,y_nm,z_nm,mu_x,mu_y,mu_z
1,Trp1,A,21,2.528125,-0.3116125,1.9215750000000003,-0.017448629086730585,0.23197651987072915,0.9725648767931417
2,Trp2,A,346,3.9555249999999997,-0.34621250000000003,-1.2971750000000002,-0.6836653560369559,-0.03485133550212324,-0.728963006858771
3,Trp3,A,388,2.267725,-0.2960625,-0.7284750000000001,0.9887865818306227,0.11735864078004433,-0.09234741483102672
4,Trp4,A,407,-0.11602500000000004,0.47018750000000004,-0.13222500000000004,-0.19092339032370612,-0.8347326832251062,-0.5164974410228151
5,Trp5,B,21,-1.6153750000000002,-0.24546250000000003,1.8697249999999999,-0.7010665401179552,0.28923474781490055,-0.6518043931913088
6,Trp6,B,103,-2.746675,0.6787875000000001,-0.13077500000000003,0.6551593359244865,-0.6931203566279208,0.30058345892442184
7,Trp7,B,346,-0.03917500000000018,-0.42281250000000004,-1.3762249999999998,-0.5389310034499664,-0.6004919725205943,-0.5907307038395228
8,Trp8,B,407,-4.234125000000001,0.47318750000000004,-0.126425,-0.18658926090934538,-0.8312126701317675,-0.5237078810994938
